x,y
0.0,41.875
25.0,31.875
50.0,36.25
75.0,54.375
100.0,43.75
125.0,20.0
150.0,42.5
175.0,40.625
200.0,52.5
225.0,30.625
250.0,27.5
275.0,21.875
300.0,35.625
325.0,30.0
350.0,30.0
375.0,30.0
400.0,30.0
425.0,30.0
450.0,31.25
475.0,30.0
500.0,30.0
525.0,30.0
550.0,48.125
575.0,48.125
600.0,48.75
625.0,48.75
650.0,48.75
675.0,50.0
700.0,51.25
725.0,49.375
750.0,49.375
775.0,50.0
800.0,50.0
825.0,50.0
850.0,49.375
875.0,48.125
900.0,48.125
925.0,47.5
950.0,48.125
975.0,48.75
1000.0,48.75
1025.0,48.125
1050.0,48.75
1075.0,48.125
1100.0,48.125
1125.0,48.75
1150.0,47.5
1175.0,46.875
1200.0,47.5
1225.0,48.125
1250.0,48.125
1275.0,50.0
1300.0,50.0
1325.0,50.0
1350.0,49.375
1375.0,48.125
1400.0,48.125
1425.0,49.375
1450.0,49.375
1475.0,47.5
1500.0,46.875
1525.0,47.5
1550.0,48.125
1575.0,48.125
1600.0,47.5
1625.0,48.125
1650.0,48.125
1675.0,47.5
1700.0,47.5
1725.0,48.125
1750.0,47.5
1775.0,46.875
1800.0,46.875
1825.0,47.5
1850.0,48.125
1875.0,48.125
1900.0,48.125
1925.0,47.5
1950.0,47.5
1975.0,47.5
2000.0,47.5
2025.0,48.125
2050.0,48.125
2075.0,48.75
2100.0,50.0
2125.0,50.0
2150.0,48.75
2175.0,47.5
2200.0,46.875
2225.0,46.875
2250.0,46.875
2275.0,46.25
2300.0,46.25
2325.0,46.875
2350.0,47.5
2375.0,47.5
2400.0,47.5
2425.0,47.5
2450.0,48.125
2475.0,48.125
2500.0,48.125
2525.0,48.75
2550.0,48.75
2575.0,48.125
2600.0,48.75
2625.0,49.375
2650.0,49.375
2675.0,49.375
2700.0,50.0
2725.0,50.0
2750.0,49.375
2775.0,48.75
2800.0,48.75
2825.0,49.375
2850.0,50.0
2875.0,50.0
2900.0,49.375
2925.0,49.375
2950.0,48.75
2975.0,48.75
3000.0,48.75
3025.0,48.75
3050.0,48.75
3075.0,48.75
3100.0,48.75
3125.0,48.125
3150.0,48.125
3175.0,48.125
3200.0,47.5
3225.0,48.125
3250.0,48.125
3275.0,48.125
3300.0,49.375
3325.0,50.0
3350.0,49.375
3375.0,48.125
3400.0,48.75
3425.0,48.75
3450.0,48.75
3475.0,48.75
3500.0,48.75
3525.0,48.75
3550.0,49.375
3575.0,48.125
3600.0,48.125
3625.0,50.0
3650.0,50.0
3675.0,49.375
3700.0,48.75
3725.0,49.375
3750.0,49.375
3775.0,49.375
3800.0,50.0
3825.0,49.375
3850.0,47.5
3875.0,47.5
3900.0,47.5
3925.0,46.875
3950.0,46.875
3975.0,46.875
4000.0,47.5
4025.0,47.5
4050.0,48.125
4075.0,48.125
4100.0,48.125
4125.0,48.125
4150.0,48.125
4175.0,48.75
4200.0,48.75
4225.0,50.0
4250.0,50.0
4275.0,47.5
4300.0,46.25
4325.0,47.5
4350.0,48.125
4375.0,48.125
4400.0,48.125
4425.0,48.125
4450.0,48.75
4475.0,48.75
4500.0,48.75
4525.0,49.375
4550.0,50.0
4575.0,50.0
4600.0,48.75
4625.0,48.125
4650.0,48.125
4675.0,48.125
4700.0,47.5
4725.0,46.875
4750.0,47.5
4775.0,47.5
4800.0,46.875
4825.0,46.875
4850.0,46.875
4875.0,46.875
4900.0,47.5
4925.0,48.125
4950.0,47.5
4975.0,47.5
5000.0,47.5
5025.0,48.125
5050.0,47.5
5075.0,48.125
5100.0,49.375
5125.0,49.375
5150.0,49.375
5175.0,49.375
5200.0,48.75
5225.0,48.75
5250.0,48.125
5275.0,48.125
5300.0,48.125
5325.0,47.5
5350.0,46.875
5375.0,46.875
5400.0,46.875
5425.0,47.5
5450.0,48.125
5475.0,48.125
5500.0,47.5
5525.0,46.875
5550.0,46.875
5575.0,46.875
5600.0,48.125
5625.0,48.125
5650.0,48.125
5675.0,48.125
5700.0,47.5
5725.0,47.5
5750.0,48.125
5775.0,48.125
5800.0,47.5
5825.0,48.125
5850.0,49.375
5875.0,49.375
5900.0,48.75
5925.0,48.75
5950.0,48.125
5975.0,48.125
6000.0,48.125
6025.0,48.125
6050.0,48.125
6075.0,48.75
6100.0,48.75
6125.0,49.375
6150.0,49.375
6175.0,48.125
6200.0,48.75
6225.0,49.375
6250.0,48.75
6275.0,48.125
6300.0,47.5
6325.0,47.5
6350.0,48.125
6375.0,48.125
6400.0,48.125
6425.0,48.75
6450.0,48.75
6475.0,49.375
6500.0,50.0
6525.0,48.75
6550.0,47.5
6575.0,47.5
6600.0,47.5
6625.0,47.5
6650.0,47.5
6675.0,48.125
6700.0,48.125
6725.0,48.125
6750.0,48.125
6775.0,48.125
6800.0,48.125
6825.0,48.125
6850.0,48.75
6875.0,48.75
6900.0,48.75
6925.0,48.125
6950.0,47.5
6975.0,47.5
7000.0,48.125
7025.0,48.75
7050.0,48.75
7075.0,48.125
7100.0,46.875
7125.0,46.875
7150.0,47.5
7175.0,46.875
7200.0,46.875
7225.0,46.875
7250.0,47.5
7275.0,48.125
7300.0,48.125
7325.0,47.5
7350.0,47.5
7375.0,46.875
7400.0,46.25
7425.0,46.25
7450.0,46.25
7475.0,45.625
7500.0,46.25
7525.0,46.25
7550.0,46.25
7575.0,46.25
7600.0,46.875
7625.0,48.75
7650.0,50.0
7675.0,50.0
7700.0,50.0
7725.0,50.0
7750.0,49.375
7775.0,49.375
7800.0,50.0
7825.0,50.0
7850.0,50.625
7875.0,51.25
7900.0,50.0
7925.0,48.75
7950.0,48.125
7975.0,48.125
8000.0,48.125
8025.0,48.125
8050.0,47.5
8075.0,47.5
8100.0,46.25
8125.0,46.25
8150.0,47.5
8175.0,47.5
8200.0,46.25
8225.0,47.5
8250.0,48.125
8275.0,49.375
8300.0,50.0
8325.0,48.75
8350.0,48.125
8375.0,48.75
8400.0,48.125
8425.0,48.125
8450.0,48.125
8475.0,48.75
8500.0,48.75
8525.0,48.125
8550.0,48.125
8575.0,48.125
8600.0,47.5
8625.0,47.5
8650.0,47.5
8675.0,46.875
8700.0,46.875
8725.0,46.875
8750.0,46.875
8775.0,46.25
8800.0,46.25
8825.0,46.25
8850.0,46.25
8875.0,47.5
8900.0,48.75
8925.0,48.75
8950.0,48.125
8975.0,47.5
9000.0,47.5
9025.0,48.75
9050.0,48.75
9075.0,48.75
9100.0,49.375
9125.0,49.375
9150.0,48.75
9175.0,49.375
9200.0,49.375
9225.0,48.75
9250.0,48.75
9275.0,48.125
9300.0,47.5
9325.0,48.125
9350.0,47.5
9375.0,48.125
9400.0,48.125
9425.0,48.75
9450.0,48.75
9475.0,48.125
9500.0,48.125
9525.0,47.5
9550.0,46.875
9575.0,46.25
9600.0,46.25
9625.0,46.875
9650.0,47.5
9675.0,47.5
9700.0,47.5
9725.0,47.5
9750.0,48.125
9775.0,48.125
9800.0,48.125
9825.0,48.75
9850.0,48.75
9875.0,48.75
9900.0,48.75
9925.0,48.75
9950.0,48.125
9975.0,46.875
10000.0,45.625
10025.0,46.25
10050.0,47.5
10075.0,46.875
10100.0,49.375
10125.0,50.0
10150.0,47.5
10175.0,46.875
10200.0,48.125
10225.0,47.5
10250.0,47.5
10275.0,48.125
10300.0,48.125
10325.0,48.125
10350.0,48.125
10375.0,48.125
10400.0,48.125
10425.0,48.125
10450.0,48.125
10475.0,48.125
10500.0,48.125
10525.0,48.125
10550.0,48.125
10575.0,48.125
10600.0,48.125
10625.0,47.5
10650.0,46.25
10675.0,46.25
10700.0,46.875
10725.0,46.875
10750.0,46.875
10775.0,46.875
10800.0,46.25
10825.0,46.25
10850.0,46.25
10875.0,46.25
10900.0,46.875
10925.0,46.875
10950.0,46.875
10975.0,46.875
11000.0,46.875
11025.0,47.5
11050.0,47.5
11075.0,46.875
11100.0,47.5
11125.0,47.5
11150.0,46.875
11175.0,46.875
11200.0,47.5
11225.0,48.125
11250.0,48.75
11275.0,48.75
11300.0,48.75
11325.0,49.375
11350.0,48.75
11375.0,48.75
11400.0,48.125
11425.0,47.5
11450.0,47.5
11475.0,47.5
11500.0,48.125
11525.0,48.75
11550.0,48.125
11575.0,46.875
11600.0,46.875
11625.0,47.5
11650.0,47.5
11675.0,48.125
11700.0,47.5
11725.0,47.5
11750.0,46.875
11775.0,46.875
11800.0,46.875
11825.0,46.875
11850.0,46.875
11875.0,46.875
11900.0,46.875
11925.0,47.5
11950.0,47.5
11975.0,47.5
12000.0,47.5
12025.0,47.5
12050.0,46.875
12075.0,47.5
12100.0,47.5
12125.0,46.25
12150.0,46.25
12175.0,46.875
12200.0,46.875
12225.0,46.875
12250.0,46.875
12275.0,47.5
12300.0,46.875
12325.0,46.875
12350.0,46.875
12375.0,46.875
12400.0,46.875
12425.0,46.875
12450.0,46.25
12475.0,46.25
12500.0,46.25
12525.0,46.875
12550.0,47.5
12575.0,47.5
12600.0,47.5
12625.0,48.75
12650.0,48.75
12675.0,48.75
12700.0,48.75
12725.0,48.75
12750.0,48.75
12775.0,48.75
12800.0,48.75
12825.0,48.75
12850.0,48.75
12875.0,48.125
12900.0,47.5
12925.0,47.5
12950.0,47.5
12975.0,47.5
13000.0,47.5
13025.0,46.25
13050.0,46.25
13075.0,46.25
13100.0,46.25
13125.0,46.25
13150.0,46.25
13175.0,46.875
13200.0,46.875
13225.0,46.25
13250.0,46.875
13275.0,46.875
13300.0,46.875
13325.0,46.875
13350.0,46.875
13375.0,46.875
13400.0,46.875
13425.0,46.875
13450.0,46.875
13475.0,47.5
13500.0,47.5
13525.0,47.5
13550.0,48.125
13575.0,47.5
13600.0,46.25
13625.0,46.25
13650.0,47.5
13675.0,48.75
13700.0,49.375
13725.0,48.75
13750.0,48.125
13775.0,47.5
13800.0,47.5
13825.0,48.75
13850.0,48.75
13875.0,48.75
13900.0,48.75
13925.0,48.75
13950.0,48.75
13975.0,48.75
14000.0,48.125
14025.0,47.5
14050.0,47.5
14075.0,48.125
14100.0,48.75
14125.0,48.75
14150.0,48.75
14175.0,48.75
14200.0,48.75
14225.0,48.75
14250.0,47.5
14275.0,46.875
14300.0,47.5
14325.0,47.5
14350.0,47.5
14375.0,46.875
14400.0,46.875
14425.0,46.875
14450.0,46.875
14475.0,46.875
14500.0,47.5
14525.0,47.5
14550.0,48.125
14575.0,48.125
14600.0,48.125
14625.0,48.125
14650.0,48.125
14675.0,48.125
14700.0,48.125
14725.0,48.125
14750.0,48.125
14775.0,48.125
14800.0,48.125
14825.0,47.5
14850.0,48.125
14875.0,48.125
14900.0,47.5
14925.0,48.75
14950.0,49.375
14975.0,48.75
15000.0,47.5
15025.0,47.5
15050.0,47.5
15075.0,47.5
15100.0,46.875
15125.0,46.875
15150.0,47.5
15175.0,47.5
15200.0,46.25
15225.0,47.5
15250.0,48.125
15275.0,47.5
15300.0,47.5
15325.0,47.5
15350.0,47.5
15375.0,48.125
15400.0,48.125
15425.0,48.125
15450.0,48.125
15475.0,48.125
15500.0,48.125
15525.0,46.875
15550.0,48.75
15575.0,49.375
15600.0,48.125
15625.0,47.5
15650.0,47.5
15675.0,48.125
15700.0,48.75
15725.0,49.375
15750.0,48.75
15775.0,47.5
15800.0,48.125
15825.0,48.75
15850.0,49.375
15875.0,48.75
15900.0,48.75
15925.0,48.125
15950.0,48.125
15975.0,48.125
16000.0,47.5
16025.0,46.875
16050.0,48.125
16075.0,48.75
16100.0,48.75
16125.0,48.125
16150.0,48.75
16175.0,48.75
16200.0,48.75
16225.0,49.375
16250.0,48.75
16275.0,48.125
16300.0,48.125
16325.0,48.125
16350.0,48.125
16375.0,48.125
16400.0,48.125
16425.0,49.375
16450.0,48.75
16475.0,48.125
16500.0,48.75
16525.0,50.0
16550.0,50.0
16575.0,49.375
16600.0,50.0
16625.0,51.25
16650.0,50.625
16675.0,48.75
16700.0,48.75
16725.0,50.0
16750.0,50.0
16775.0,49.375
16800.0,48.75
16825.0,48.75
16850.0,48.75
16875.0,48.75
16900.0,49.375
16925.0,50.625
16950.0,50.0
16975.0,48.125
17000.0,46.875
17025.0,47.5
17050.0,48.125
17075.0,48.125
17100.0,47.5
17125.0,48.125
17150.0,48.125
17175.0,48.125
17200.0,48.125
17225.0,48.125
17250.0,48.125
17275.0,48.75
17300.0,48.75
17325.0,49.375
17350.0,49.375
17375.0,48.125
17400.0,48.75
17425.0,48.75
17450.0,48.125
17475.0,48.125
17500.0,47.5
17525.0,48.125
17550.0,48.75
17575.0,48.75
17600.0,48.75
17625.0,49.375
17650.0,48.125
17675.0,48.125
17700.0,48.75
17725.0,48.125
17750.0,48.75
17775.0,48.75
17800.0,48.125
17825.0,48.125
17850.0,46.875
17875.0,46.25
17900.0,46.875
17925.0,46.875
17950.0,48.75
17975.0,49.375
18000.0,48.125
18025.0,48.75
18050.0,50.0
18075.0,49.375
18100.0,49.375
18125.0,50.0
18150.0,50.0
18175.0,50.0
18200.0,48.75
18225.0,48.125
18250.0,47.5
18275.0,46.875
18300.0,47.5
18325.0,48.125
18350.0,48.125
18375.0,46.875
18400.0,46.875
18425.0,47.5
18450.0,47.5
18475.0,47.5
18500.0,47.5
18525.0,47.5
18550.0,47.5
18575.0,47.5
18600.0,48.125
18625.0,48.125
18650.0,48.125
18675.0,48.75
18700.0,48.125
18725.0,47.5
18750.0,47.5
18775.0,47.5
18800.0,47.5
18825.0,48.125
18850.0,47.5
18875.0,47.5
18900.0,48.125
18925.0,47.5
18950.0,46.875
18975.0,46.875
19000.0,47.5
19025.0,46.875
19050.0,47.5
19075.0,49.375
19100.0,48.125
19125.0,46.25
19150.0,46.875
19175.0,47.5
19200.0,46.875
19225.0,46.875
19250.0,47.5
19275.0,47.5
19300.0,46.25
19325.0,47.5
19350.0,48.75
19375.0,48.75
19400.0,48.75
19425.0,48.75
19450.0,48.125
19475.0,49.375
19500.0,50.0
19525.0,48.75
19550.0,48.75
19575.0,48.75
19600.0,48.125
19625.0,47.5
19650.0,47.5
19675.0,47.5
19700.0,47.5
19725.0,46.25
19750.0,45.625
19775.0,46.25
19800.0,46.875
19825.0,46.875
19850.0,46.875
19875.0,47.5
19900.0,47.5
19925.0,48.125
19950.0,48.125
19975.0,48.125
20000.0,48.125
20025.0,47.5
20050.0,48.125
20075.0,48.125
20100.0,48.125
20125.0,48.125
20150.0,47.5
20175.0,47.5
20200.0,46.875
20225.0,46.875
20250.0,47.5
20275.0,48.125
20300.0,48.75
20325.0,48.125
20350.0,48.125
20375.0,47.5
20400.0,47.5
20425.0,48.75
20450.0,48.125
20475.0,47.5
20500.0,47.5
20525.0,46.875
20550.0,46.875
20575.0,47.5
20600.0,47.5
20625.0,48.125
20650.0,47.5
20675.0,46.875
20700.0,46.25
20725.0,46.875
20750.0,47.5
20775.0,46.875
20800.0,46.875
20825.0,47.5
20850.0,47.5
20875.0,46.875
20900.0,46.875
20925.0,46.875
20950.0,46.875
20975.0,46.875
21000.0,46.875
21025.0,46.25
21050.0,46.875
21075.0,47.5
21100.0,48.125
21125.0,48.125
21150.0,48.125
21175.0,47.5
21200.0,47.5
21225.0,47.5
21250.0,47.5
21275.0,47.5
21300.0,46.875
21325.0,46.875
21350.0,47.5
21375.0,47.5
21400.0,47.5
21425.0,48.125
21450.0,46.25
21475.0,45.625
21500.0,46.875
21525.0,46.25
21550.0,46.25
21575.0,46.25
21600.0,45.625
21625.0,45.625
21650.0,44.375
21675.0,43.125
21700.0,43.75
21725.0,44.375
21750.0,44.375
21775.0,44.375
21800.0,43.75
21825.0,43.75
21850.0,43.125
21875.0,43.125
21900.0,43.125
21925.0,42.5
21950.0,41.875
21975.0,41.875
22000.0,41.875
22025.0,41.25
22050.0,41.25
22075.0,41.875
22100.0,41.25
22125.0,41.25
22150.0,41.875
22175.0,41.875
22200.0,41.25
22225.0,40.625
22250.0,40.0
22275.0,39.375
22300.0,38.75
22325.0,38.75
22350.0,39.375
22375.0,39.375
22400.0,38.75
22425.0,38.75
22450.0,38.125
22475.0,38.125
22500.0,37.5
22525.0,36.875
22550.0,36.875
22575.0,36.25
22600.0,36.25
22625.0,35.625
22650.0,35.625
22675.0,36.25
22700.0,36.25
22725.0,36.25
22750.0,36.25
22775.0,36.25
22800.0,35.625
22825.0,35.0
22850.0,35.0
22875.0,35.0
22900.0,34.375
22925.0,34.375
22950.0,34.375
22975.0,34.375
23000.0,34.375
23025.0,33.75
23050.0,33.75
23075.0,33.75
23100.0,33.75
23125.0,33.75
23150.0,33.125
23175.0,33.125
23200.0,33.125
23225.0,32.5
23250.0,31.875
23275.0,31.25
23300.0,31.25
23325.0,31.25
23350.0,31.875
23375.0,31.25
23400.0,31.875
23425.0,31.875
23450.0,31.875
23475.0,31.875
23500.0,32.5
23525.0,33.125
23550.0,32.5
23575.0,31.875
23600.0,31.875
23625.0,31.25
23650.0,30.625
23675.0,30.625
23700.0,30.625
23725.0,30.0
23750.0,30.625
23775.0,30.625
23800.0,30.625
23825.0,31.875
23850.0,31.25
23875.0,30.625
23900.0,30.0
23925.0,30.0
23950.0,30.625
23975.0,30.0
24000.0,29.375
24025.0,29.375
24050.0,28.75
24075.0,28.75
24100.0,28.75
24125.0,28.75
24150.0,29.375
24175.0,29.375
24200.0,30.0
24225.0,30.625
24250.0,30.0
24275.0,29.375
24300.0,30.0
24325.0,30.0
24350.0,28.75
24375.0,28.125
24400.0,28.125
24425.0,28.75
24450.0,28.75
24475.0,28.75
24500.0,28.125
24525.0,28.125
24550.0,28.75
24575.0,27.5
24600.0,27.5
24625.0,29.375
24650.0,28.125
24675.0,27.5
24700.0,28.125
24725.0,27.5
24750.0,27.5
24775.0,28.125
24800.0,27.5
24825.0,30.0
24850.0,30.0
24875.0,28.75
24900.0,28.125
24925.0,28.125
24950.0,28.75
24975.0,28.75
25000.0,27.5
25025.0,26.875
25050.0,25.625
25075.0,26.25
25100.0,26.875
25125.0,26.25
25150.0,26.25
25175.0,26.25
25200.0,25.625
25225.0,25.625
25250.0,26.25
25275.0,26.25
25300.0,26.25
25325.0,26.25
25350.0,26.25
25375.0,27.5
25400.0,26.875
25425.0,26.25
25450.0,26.875
25475.0,26.875
25500.0,25.0
25525.0,23.75
25550.0,26.25
25575.0,26.875
25600.0,25.625
25625.0,25.0
25650.0,26.875
25675.0,26.875
25700.0,25.625
25725.0,25.625
25750.0,26.25
25775.0,25.0
25800.0,25.0
25825.0,26.25
25850.0,26.25
25875.0,25.625
25900.0,25.625
25925.0,26.875
25950.0,26.25
25975.0,25.0
26000.0,26.25
26025.0,26.25
26050.0,26.25
26075.0,26.25
26100.0,26.875
26125.0,26.875
26150.0,25.625
26175.0,23.75
26200.0,25.0
26225.0,25.625
26250.0,25.625
26275.0,25.625
26300.0,25.625
26325.0,25.625
26350.0,26.25
26375.0,25.625
26400.0,25.0
26425.0,25.0
26450.0,25.625
26475.0,25.625
26500.0,25.625
26525.0,25.625
26550.0,25.625
26575.0,24.375
26600.0,23.75
26625.0,25.0
26650.0,25.0
26675.0,25.0
26700.0,25.0
26725.0,25.0
26750.0,24.375
26775.0,24.375
26800.0,24.375
26825.0,24.375
26850.0,24.375
26875.0,24.375
26900.0,23.75
26925.0,24.375
26950.0,25.0
26975.0,25.625
27000.0,26.25
27025.0,25.625
27050.0,26.25
27075.0,26.25
27100.0,26.25
27125.0,26.25
27150.0,26.25
27175.0,26.25
27200.0,26.25
27225.0,26.25
27250.0,25.625
27275.0,25.625
27300.0,25.625
27325.0,25.0
27350.0,25.625
27375.0,26.25
27400.0,26.875
27425.0,25.625
27450.0,25.625
27475.0,26.25
27500.0,25.0
27525.0,24.375
27550.0,25.0
27575.0,25.0
27600.0,25.0
27625.0,23.75
27650.0,23.75
27675.0,24.375
27700.0,25.0
27725.0,25.0
27750.0,23.75
27775.0,23.125
27800.0,23.125
27825.0,22.5
27850.0,22.5
27875.0,23.75
27900.0,23.75
27925.0,23.75
27950.0,23.75
27975.0,23.75
28000.0,24.375
28025.0,24.375
28050.0,24.375
28075.0,24.375
28100.0,24.375
28125.0,24.375
28150.0,24.375
28175.0,24.375
28200.0,22.5
28225.0,22.5
28250.0,23.125
28275.0,23.125
28300.0,23.75
28325.0,23.75
28350.0,23.75
28375.0,23.75
28400.0,23.75
28425.0,23.75
28450.0,23.75
28475.0,23.75
28500.0,23.75
28525.0,25.0
28550.0,26.25
28575.0,25.0
28600.0,24.375
28625.0,25.625
28650.0,24.375
28675.0,23.125
28700.0,24.375
28725.0,23.75
28750.0,23.125
28775.0,23.125
28800.0,21.25
28825.0,21.875
28850.0,24.375
28875.0,24.375
28900.0,23.125
28925.0,23.125
28950.0,23.75
28975.0,23.125
29000.0,23.125
29025.0,23.75
29050.0,24.375
29075.0,25.625
29100.0,25.0
29125.0,24.375
29150.0,23.125
29175.0,23.125
29200.0,22.5
29225.0,21.25
29250.0,22.5
29275.0,24.375
29300.0,25.0
29325.0,23.75
29350.0,23.75
29375.0,23.75
29400.0,23.75
29425.0,23.75
29450.0,23.75
29475.0,23.75
29500.0,24.375
29525.0,24.375
29550.0,24.375
29575.0,23.75
29600.0,23.75
29625.0,23.125
29650.0,23.75
29675.0,23.75
29700.0,23.125
29725.0,23.125
29750.0,23.125
29775.0,23.125
29800.0,23.125
29825.0,23.125
29850.0,23.125
29875.0,24.375
29900.0,25.0
29925.0,24.375
29950.0,24.375
29975.0,23.75
30000.0,24.375
30025.0,24.375
30050.0,23.75
30075.0,23.125
30100.0,23.75
30125.0,23.75
30150.0,23.125
30175.0,23.125
30200.0,22.5
30225.0,22.5
30250.0,23.125
30275.0,23.125
30300.0,22.5
30325.0,23.125
30350.0,23.125
30375.0,23.125
30400.0,22.5
30425.0,22.5
30450.0,22.5
30475.0,23.125
30500.0,22.5
30525.0,22.5
30550.0,23.125
30575.0,22.5
30600.0,22.5
30625.0,23.125
30650.0,23.75
30675.0,23.75
30700.0,23.125
30725.0,23.125
30750.0,22.5
30775.0,22.5
30800.0,23.125
30825.0,21.875
30850.0,21.25
30875.0,21.25
30900.0,21.875
30925.0,23.125
30950.0,23.125
30975.0,23.125
31000.0,23.125
31025.0,23.125
31050.0,23.125
31075.0,23.75
31100.0,23.75
31125.0,23.75
31150.0,23.75
31175.0,23.75
31200.0,23.75
31225.0,22.5
31250.0,21.25
31275.0,23.125
31300.0,23.75
31325.0,23.125
31350.0,23.75
31375.0,23.75
31400.0,23.75
31425.0,23.125
31450.0,23.125
31475.0,23.125
31500.0,22.5
31525.0,21.875
31550.0,23.75
31575.0,23.75
31600.0,22.5
31625.0,22.5
31650.0,22.5
31675.0,22.5
31700.0,23.125
31725.0,23.125
31750.0,23.125
31775.0,23.125
31800.0,23.75
31825.0,23.75
31850.0,23.125
31875.0,22.5
31900.0,21.25
31925.0,22.5
31950.0,24.375
31975.0,23.75
32000.0,21.875
32025.0,22.5
32050.0,24.375
32075.0,23.75
32100.0,23.75
32125.0,23.75
32150.0,24.375
32175.0,23.75
32200.0,23.75
32225.0,23.125
32250.0,23.125
32275.0,23.75
32300.0,24.375
32325.0,24.375
32350.0,24.375
32375.0,24.375
32400.0,23.75
32425.0,23.75
32450.0,24.375
32475.0,23.75
32500.0,23.75
32525.0,23.75
32550.0,23.75
32575.0,23.125
32600.0,22.5
32625.0,21.875
32650.0,22.5
32675.0,22.5
32700.0,23.125
32725.0,23.75
32750.0,24.375
32775.0,24.375
32800.0,23.75
32825.0,23.125
32850.0,23.125
32875.0,23.125
32900.0,23.75
32925.0,23.75
32950.0,23.125
32975.0,23.125
33000.0,23.75
33025.0,23.125
33050.0,22.5
33075.0,23.125
33100.0,24.375
33125.0,25.0
33150.0,25.0
33175.0,24.375
33200.0,23.75
33225.0,23.75
33250.0,23.125
33275.0,23.125
33300.0,23.75
33325.0,24.375
33350.0,24.375
33375.0,23.75
33400.0,23.75
33425.0,24.375
33450.0,24.375
33475.0,24.375
33500.0,25.0
33525.0,25.0
33550.0,24.375
33575.0,23.75
33600.0,21.875
33625.0,21.25
33650.0,22.5
33675.0,23.75
33700.0,23.75
33725.0,23.125
33750.0,23.125
33775.0,23.75
33800.0,23.125
33825.0,23.75
33850.0,23.75
33875.0,23.125
33900.0,23.125
33925.0,23.125
33950.0,23.125
33975.0,22.5
34000.0,22.5
34025.0,22.5
34050.0,23.125
34075.0,23.75
34100.0,23.125
34125.0,23.125
34150.0,23.125
34175.0,22.5
34200.0,21.875
34225.0,21.875
34250.0,22.5
34275.0,22.5
34300.0,22.5
34325.0,22.5
34350.0,22.5
34375.0,23.125
34400.0,23.125
34425.0,22.5
34450.0,23.125
34475.0,23.75
34500.0,23.125
34525.0,23.75
34550.0,24.375
34575.0,24.375
34600.0,24.375
34625.0,23.75
34650.0,21.875
34675.0,22.5
34700.0,23.125
34725.0,22.5
34750.0,23.125
34775.0,23.125
34800.0,23.125
34825.0,23.125
34850.0,22.5
34875.0,22.5
34900.0,21.875
34925.0,22.5
34950.0,23.125
34975.0,23.125
35000.0,23.125
35025.0,23.125
35050.0,23.125
35075.0,23.125
35100.0,22.5
35125.0,22.5
35150.0,21.875
35175.0,21.25
35200.0,22.5
35225.0,23.125
35250.0,22.5
35275.0,23.125
35300.0,23.75
35325.0,23.125
35350.0,23.75
35375.0,23.125
35400.0,22.5
35425.0,23.75
35450.0,23.75
35475.0,23.125
35500.0,23.75
35525.0,24.375
35550.0,23.75
35575.0,23.125
35600.0,23.125
35625.0,23.125
35650.0,23.125
35675.0,23.125
35700.0,23.125
35725.0,22.5
35750.0,23.125
35775.0,23.125
35800.0,21.875
35825.0,21.875
35850.0,21.875
35875.0,22.5
35900.0,23.75
35925.0,22.5
35950.0,21.25
35975.0,21.25
36000.0,21.875
36025.0,22.5
36050.0,21.875
36075.0,22.5
36100.0,23.125
36125.0,23.125
36150.0,23.75
36175.0,23.125
36200.0,21.25
36225.0,21.25
36250.0,21.25
36275.0,21.875
36300.0,22.5
36325.0,22.5
36350.0,23.125
36375.0,23.125
36400.0,23.125
36425.0,23.125
36450.0,23.125
36475.0,23.125
36500.0,23.125
36525.0,23.75
36550.0,23.125
36575.0,23.125
36600.0,24.375
36625.0,24.375
36650.0,23.75
36675.0,24.375
36700.0,24.375
36725.0,23.75
36750.0,23.125
36775.0,22.5
36800.0,23.125
36825.0,23.125
36850.0,23.125
36875.0,23.125
36900.0,22.5
36925.0,22.5
36950.0,22.5
36975.0,21.875
37000.0,21.875
37025.0,23.125
37050.0,23.125
37075.0,22.5
37100.0,23.125
37125.0,23.125
37150.0,23.125
37175.0,23.75
37200.0,23.75
37225.0,24.375
37250.0,23.75
37275.0,23.125
37300.0,23.75
37325.0,23.75
37350.0,23.75
37375.0,24.375
37400.0,23.75
37425.0,23.125
37450.0,23.125
37475.0,23.125
37500.0,21.875
37525.0,21.875
37550.0,23.125
37575.0,23.125
37600.0,22.5
37625.0,22.5
37650.0,23.125
37675.0,23.125
37700.0,23.125
37725.0,22.5
37750.0,22.5
37775.0,23.125
37800.0,23.125
37825.0,22.5
37850.0,21.875
37875.0,21.875
37900.0,21.875
37925.0,21.875
37950.0,21.875
37975.0,21.875
38000.0,21.875
38025.0,23.125
38050.0,23.75
38075.0,23.125
38100.0,22.5
38125.0,23.125
38150.0,23.75
38175.0,23.75
38200.0,23.125
38225.0,23.75
38250.0,24.375
38275.0,23.75
38300.0,23.125
38325.0,23.75
38350.0,25.0
38375.0,24.375
38400.0,22.5
38425.0,21.875
38450.0,23.75
38475.0,23.75
38500.0,22.5
38525.0,23.125
38550.0,23.75
38575.0,23.125
38600.0,22.5
38625.0,21.25
38650.0,22.5
38675.0,25.0
38700.0,24.375
38725.0,23.125
38750.0,23.125
38775.0,23.125
38800.0,22.5
38825.0,23.125
38850.0,22.5
38875.0,23.125
38900.0,24.375
38925.0,24.375
38950.0,23.75
38975.0,23.125
39000.0,23.125
39025.0,23.125
39050.0,23.125
39075.0,22.5
39100.0,22.5
39125.0,22.5
39150.0,22.5
39175.0,23.125
39200.0,22.5
39225.0,23.125
39250.0,23.75
39275.0,23.75
39300.0,23.75
39325.0,23.75
39350.0,23.75
39375.0,23.125
39400.0,23.125
39425.0,23.125
39450.0,23.75
39475.0,23.125
39500.0,22.5
39525.0,23.125
39550.0,23.125
39575.0,23.125
39600.0,22.5
39625.0,22.5
39650.0,22.5
39675.0,22.5
39700.0,23.125
39725.0,23.125
39750.0,22.5
39775.0,21.875
39800.0,22.5
39825.0,23.125
39850.0,23.125
39875.0,23.125
39900.0,23.125
39925.0,22.5
39950.0,22.5
39975.0,22.5
40000.0,21.875
40025.0,21.25
40050.0,21.875
40075.0,22.5
40100.0,23.125
40125.0,23.125
40150.0,23.75
40175.0,23.125
40200.0,23.125
40225.0,23.75
40250.0,23.75
40275.0,23.75
40300.0,23.75
40325.0,23.125
40350.0,22.5
40375.0,23.125
40400.0,22.5
40425.0,23.125
40450.0,23.125
40475.0,23.125
40500.0,23.75
40525.0,23.75
40550.0,23.125
40575.0,23.75
40600.0,23.75
40625.0,23.75
40650.0,23.75
40675.0,23.125
40700.0,23.125
40725.0,23.125
40750.0,23.125
40775.0,22.5
40800.0,22.5
40825.0,22.5
40850.0,22.5
40875.0,21.875
40900.0,21.25
40925.0,21.875
40950.0,22.5
40975.0,22.5
41000.0,22.5
41025.0,22.5
41050.0,22.5
41075.0,21.875
41100.0,21.875
41125.0,22.5
41150.0,22.5
41175.0,21.875
41200.0,21.875
41225.0,22.5
41250.0,22.5
41275.0,22.5
41300.0,23.125
41325.0,23.75
41350.0,24.375
41375.0,23.75
41400.0,23.125
41425.0,23.75
41450.0,24.375
41475.0,24.375
41500.0,23.75
41525.0,23.125
41550.0,23.125
41575.0,23.125
41600.0,23.75
41625.0,24.375
41650.0,23.125
41675.0,23.125
41700.0,23.125
41725.0,22.5
41750.0,22.5
41775.0,22.5
41800.0,21.875
41825.0,22.5
41850.0,22.5
41875.0,23.125
41900.0,23.125
41925.0,23.125
41950.0,24.375
41975.0,23.75
42000.0,21.875
42025.0,22.5
42050.0,23.75
42075.0,23.125
42100.0,23.125
42125.0,23.125
42150.0,23.125
42175.0,23.125
42200.0,23.125
42225.0,23.125
42250.0,23.125
42275.0,22.5
42300.0,23.125
42325.0,23.75
42350.0,23.75
42375.0,24.375
42400.0,23.125
42425.0,23.125
42450.0,23.75
42475.0,21.875
42500.0,21.25
42525.0,21.875
42550.0,22.5
42575.0,22.5
42600.0,21.875
42625.0,21.25
42650.0,21.25
42675.0,21.875
42700.0,21.25
42725.0,21.25
42750.0,21.25
42775.0,21.875
42800.0,21.875
42825.0,21.875
42850.0,21.875
42875.0,22.5
42900.0,23.125
42925.0,23.125
42950.0,22.5
42975.0,22.5
43000.0,24.375
43025.0,24.375
43050.0,23.125
43075.0,23.75
43100.0,25.0
43125.0,25.0
43150.0,25.0
43175.0,23.75
43200.0,23.75
43225.0,23.75
43250.0,21.875
43275.0,23.125
43300.0,23.75
43325.0,23.125
43350.0,23.125
43375.0,23.125
43400.0,22.5
43425.0,23.125
43450.0,23.125
43475.0,23.125
43500.0,23.125
43525.0,23.125
43550.0,23.125
43575.0,23.125
43600.0,22.5
43625.0,22.5
43650.0,23.125
43675.0,22.5
43700.0,21.875
43725.0,22.5
43750.0,23.125
43775.0,23.125
43800.0,22.5
43825.0,22.5
43850.0,23.125
43875.0,21.25
43900.0,21.25
43925.0,22.5
43950.0,21.875
43975.0,21.875
44000.0,21.875
44025.0,22.5
44050.0,22.5
44075.0,22.5
44100.0,21.875
44125.0,22.5
44150.0,23.125
44175.0,23.125
44200.0,23.125
44225.0,22.5
44250.0,22.5
44275.0,22.5
44300.0,23.125
44325.0,23.125
44350.0,23.75
44375.0,23.75
44400.0,23.75
44425.0,25.0
44450.0,25.0
44475.0,23.125
44500.0,23.125
44525.0,23.75
44550.0,23.75
44575.0,23.75
44600.0,24.375
44625.0,23.75
44650.0,23.125
44675.0,23.75
44700.0,23.125
44725.0,22.5
44750.0,23.125
44775.0,23.125
44800.0,21.875
44825.0,22.5
44850.0,23.75
44875.0,24.375
44900.0,23.75
44925.0,23.75
44950.0,23.125
44975.0,22.5
45000.0,22.5
45025.0,21.25
45050.0,21.25
45075.0,21.875
45100.0,22.5
45125.0,22.5
45150.0,22.5
45175.0,22.5
45200.0,23.75
45225.0,23.75
45250.0,23.125
45275.0,23.125
45300.0,22.5
45325.0,23.125
45350.0,23.75
45375.0,23.125
45400.0,23.125
45425.0,23.125
45450.0,23.125
45475.0,23.125
45500.0,23.125
45525.0,23.125
45550.0,23.125
45575.0,22.5
45600.0,22.5
45625.0,23.125
45650.0,22.5
45675.0,23.125
45700.0,23.75
45725.0,23.125
45750.0,23.75
45775.0,23.75
45800.0,22.5
45825.0,22.5
45850.0,23.125
45875.0,23.75
45900.0,23.125
45925.0,22.5
45950.0,23.125
45975.0,23.125
46000.0,23.125
46025.0,23.125
46050.0,23.125
46075.0,23.125
46100.0,23.125
46125.0,23.125
46150.0,23.75
46175.0,23.75
46200.0,23.125
46225.0,23.75
46250.0,23.75
46275.0,23.125
46300.0,23.75
46325.0,23.125
46350.0,21.875
46375.0,21.875
46400.0,21.875
46425.0,22.5
46450.0,22.5
46475.0,23.125
46500.0,23.125
46525.0,23.125
46550.0,23.125
46575.0,23.75
46600.0,23.75
46625.0,23.125
46650.0,23.125
46675.0,23.75
46700.0,23.125
46725.0,23.125
46750.0,21.875
46775.0,21.875
46800.0,24.375
46825.0,25.0
46850.0,23.75
46875.0,23.125
46900.0,22.5
46925.0,21.875
46950.0,21.875
46975.0,22.5
47000.0,22.5
47025.0,23.125
47050.0,23.125
47075.0,23.125
47100.0,24.375
47125.0,25.0
47150.0,24.375
47175.0,23.125
47200.0,23.75
47225.0,23.75
47250.0,23.75
47275.0,23.75
47300.0,23.125
47325.0,23.125
47350.0,23.125
47375.0,23.75
47400.0,23.75
47425.0,23.75
47450.0,23.75
47475.0,23.75
47500.0,23.125
47525.0,23.125
47550.0,23.125
47575.0,22.5
47600.0,22.5
47625.0,22.5
47650.0,22.5
47675.0,22.5
47700.0,23.125
47725.0,22.5
47750.0,23.125
47775.0,23.125
47800.0,21.875
47825.0,21.875
47850.0,22.5
47875.0,23.125
47900.0,23.125
47925.0,23.75
47950.0,23.125
47975.0,22.5
48000.0,23.125
48025.0,23.125
48050.0,23.75
48075.0,23.125
48100.0,23.125
48125.0,23.125
48150.0,23.75
48175.0,23.75
48200.0,23.75
48225.0,23.75
48250.0,23.125
48275.0,23.125
48300.0,22.5
48325.0,22.5
48350.0,22.5
48375.0,22.5
48400.0,22.5
48425.0,21.875
48450.0,22.5
48475.0,22.5
48500.0,21.875
48525.0,22.5
48550.0,22.5
48575.0,22.5
48600.0,22.5
48625.0,23.125
48650.0,23.125
48675.0,22.5
48700.0,22.5
48725.0,22.5
48750.0,22.5
48775.0,21.875
48800.0,22.5
48825.0,23.125
48850.0,22.5
48875.0,22.5
48900.0,23.75
48925.0,24.375
48950.0,23.75
48975.0,23.75
49000.0,24.375
49025.0,24.375
49050.0,25.0
49075.0,24.375
49100.0,23.75
49125.0,25.0
49150.0,25.0
49175.0,24.375
49200.0,24.375
49225.0,23.75
49250.0,23.75
49275.0,24.375
49300.0,24.375
49325.0,24.375
49350.0,25.0
49375.0,24.375
49400.0,23.125
49425.0,22.5
49450.0,22.5
49475.0,22.5
49500.0,22.5
49525.0,22.5
49550.0,21.875
49575.0,21.875
49600.0,21.875
49625.0,22.5
49650.0,23.125
49675.0,23.125
49700.0,23.75
49725.0,23.125
49750.0,23.125
49775.0,22.5
49800.0,23.125
49825.0,23.125
49850.0,23.75
49875.0,24.375
49900.0,25.0
49925.0,24.375
49950.0,25.0
49975.0,25.0
50000.0,24.375
50025.0,23.75
50050.0,24.375
50075.0,25.0
50100.0,25.0
50125.0,24.375
50150.0,24.375
50175.0,23.75
50200.0,23.75
50225.0,23.125
50250.0,23.125
50275.0,23.75
50300.0,23.75
50325.0,23.75
50350.0,24.375
50375.0,24.375
50400.0,23.75
50425.0,23.75
50450.0,23.75
50475.0,24.375
50500.0,24.375
50525.0,23.75
50550.0,6.25
